,2018_Rank,City,State,Abbreviations,webpage,2018_Estimate,2010_Census,%Change,2016_land_area(sq mi),2016_population_density(sq mi),Location,latitude,longitude,White%,Black%
0,1,New York City,New York,NY,https://en.wikipedia.org/wiki/New_York_City,8398748,8175133,2.74,301.5,28317.0,40°39′49″N 73°56′19″W﻿ / ﻿40.6635°N 73.9387°W,40.663611,-73.938611,44.0,25.5
1,2,Los Angeles,California,CA,https://en.wikipedia.org/wiki/Los_Angeles,3990456,3792621,5.22,468.7,8484.0,34°01′10″N 118°24′39″W﻿ / ﻿34.0194°N 118.4108°W,34.019444,-118.41083,28.7,9.6
2,3,Chicago,Illinois,IL,https://en.wikipedia.org/wiki/Chicago,2705994,2695598,0.39,227.3,11900.0,41°50′15″N 87°40′54″W﻿ / ﻿41.8376°N 87.6818°W,41.8375,-87.681666,44.9,32.9
3,4,Houston,Texas,TX,https://en.wikipedia.org/wiki/Houston,2325502,2100263,10.72,637.5,3613.0,29°47′12″N 95°23′27″W﻿ / ﻿29.7866°N 95.3909°W,29.786666,-95.390833,25.6,25.7
4,5,Phoenix,Arizona,AZ,"https://en.wikipedia.org/wiki/Phoenix,_Arizona",1660272,1445632,14.85,517.6,3120.0,33°34′20″N 112°05′24″W﻿ / ﻿33.5722°N 112.0901°W,33.572222,-112.08999,92.3,6.5
5,6,Philadelphia,Pennsylvania,PA,https://en.wikipedia.org/wiki/Philadelphia,1584138,1526006,3.81,134.2,11683.0,40°00′34″N 75°08′00″W﻿ / ﻿40.0094°N 75.1333°W,40.009444,-75.133333,41.6,42.6
6,7,San Antonio,Texas,TX,https://en.wikipedia.org/wiki/San_Antonio,1532233,1327407,15.43,461.0,3238.0,29°28′21″N 98°31′30″W﻿ / ﻿29.4724°N 98.5251°W,29.472499,-98.525,72.6,6.9
7,8,San Diego,California,CA,https://en.wikipedia.org/wiki/San_Diego,1425976,1307402,9.07,325.2,4325.0,32°48′55″N 117°08′06″W﻿ / ﻿32.8153°N 117.1350°W,32.815277,-117.135,58.9,6.7
8,9,Dallas,Texas,TX,https://en.wikipedia.org/wiki/Dallas,1345047,1197816,12.29,340.9,3866.0,32°47′36″N 96°45′59″W﻿ / ﻿32.7933°N 96.7665°W,32.793333,-96.766388,50.7,24.7
9,10,San Jose,California,CA,"https://en.wikipedia.org/wiki/San_Jose,_California",1030119,945942,8.9,177.5,5777.0,37°17′48″N 121°49′08″W﻿ / ﻿37.2967°N 121.8189°W,37.296666,-121.81888,42.8,3.2
10,11,Austin,Texas,TX,"https://en.wikipedia.org/wiki/Austin,_Texas",964254,790390,22.0,312.7,3031.0,30°18′14″N 97°45′16″W﻿ / ﻿30.3039°N 97.7544°W,30.303888,-97.754444,68.3,8.1
11,12,Jacksonville,Florida,FL,"https://en.wikipedia.org/wiki/Jacksonville,_Florida",903889,821784,9.99,747.4,1178.0,30°20′13″N 81°39′42″W﻿ / ﻿30.3369°N 81.6616°W,30.336944,-81.661666,59.4,30.7
12,13,Fort Worth,Texas,TX,"https://en.wikipedia.org/wiki/Fort_Worth,_Texas",895008,741206,20.75,342.9,2491.0,32°46′53″N 97°20′48″W﻿ / ﻿32.7815°N 97.3467°W,32.781388,-97.346666,61.6,18.9
13,14,Columbus,Ohio,OH,"https://en.wikipedia.org/wiki/Columbus,_Ohio",892533,787033,13.4,218.5,3936.0,39°59′07″N 82°59′05″W﻿ / ﻿39.9852°N 82.9848°W,39.985277,-82.984722,61.5,28.0
14,15,San Francisco,California,CA,https://en.wikipedia.org/wiki/San_Francisco,883305,805235,9.7,46.9,18569.0,37°43′38″N 123°01′56″W﻿ / ﻿37.7272°N 123.0322°W,37.727222,-123.03222,48.5,6.1
15,16,Charlotte,North Carolina,NC,"https://en.wikipedia.org/wiki/Charlotte,_North_Carolina",872498,731424,19.29,305.4,2757.0,35°12′28″N 80°49′52″W﻿ / ﻿35.2078°N 80.8310°W,35.207777,-80.831111,45.1,35.0
16,17,Indianapolis,Indiana,IN,https://en.wikipedia.org/wiki/Indianapolis,867125,820445,5.69,361.5,2366.0,39°46′36″N 86°08′45″W﻿ / ﻿39.7767°N 86.1459°W,39.776666,-86.145833,61.6,28.0
17,18,Seattle,Washington,WA,https://en.wikipedia.org/wiki/Seattle,744955,608660,22.39,83.8,8405.0,47°37′14″N 122°21′03″W﻿ / ﻿47.6205°N 122.3509°W,47.620555,-122.35083,69.5,7.9
18,19,Denver,Colorado,CO,https://en.wikipedia.org/wiki/Denver,716492,600158,19.38,153.3,4521.0,39°45′43″N 104°52′52″W﻿ / ﻿39.7619°N 104.8811°W,39.761944,-104.88111,68.9,10.2
19,20,"Washington, D.C.",District of Columbia,DC,"https://en.wikipedia.org/wiki/Washington,_D.C.",702455,601723,16.74,61.1,11148.0,38°54′15″N 77°01′02″W﻿ / ﻿38.9041°N 77.0172°W,38.904166,-77.017222,38.5,50.7
20,21,Boston,Massachusetts,MA,https://en.wikipedia.org/wiki/Boston,694583,617594,12.47,48.3,13938.0,42°19′55″N 71°01′13″W﻿ / ﻿42.3320°N 71.0202°W,42.331944,-71.020277,62.1,24.7
21,22,El Paso,Texas,TX,"https://en.wikipedia.org/wiki/El_Paso,_Texas",682669,649121,5.17,256.8,2660.0,31°50′54″N 106°25′37″W﻿ / ﻿31.8484°N 106.4270°W,31.848333,-106.42694,92.0,3.9
22,23,Detroit,Michigan,MI,https://en.wikipedia.org/wiki/Detroit,672662,713777,-5.76,138.8,4847.0,42°22′59″N 83°06′08″W﻿ / ﻿42.3830°N 83.1022°W,42.383055,-83.102222,10.6,82.7
23,24,Nashville,Tennessee,TN,"https://en.wikipedia.org/wiki/Nashville,_Tennessee",669053,601222,11.28,475.9,1388.0,36°10′18″N 86°47′06″W﻿ / ﻿36.1718°N 86.7850°W,36.171666,-86.785,65.2,28.1
24,25,Portland,Oregon,OR,"https://en.wikipedia.org/wiki/Portland,_Oregon",653115,583776,11.88,133.5,4793.0,45°32′13″N 122°39′00″W﻿ / ﻿45.5370°N 122.6500°W,45.536944,-122.65,76.1,6.3
25,26,Memphis,Tennessee,TN,"https://en.wikipedia.org/wiki/Memphis,_Tennessee",650618,646889,0.58,317.4,2056.0,35°06′10″N 89°58′39″W﻿ / ﻿35.1028°N 89.9774°W,35.102777,-89.9775,29.4,63.3
26,27,Oklahoma City,Oklahoma,OK,https://en.wikipedia.org/wiki/Oklahoma_City,649021,579999,11.9,606.3,1053.0,35°28′02″N 97°30′49″W﻿ / ﻿35.4671°N 97.5137°W,35.467222,-97.513611,62.7,15.1
27,28,Las Vegas,Nevada,NV,https://en.wikipedia.org/wiki/Las_Vegas,644644,583756,10.43,134.4,4709.0,36°13′45″N 115°15′36″W﻿ / ﻿36.2292°N 115.2601°W,36.229166,-115.26,62.1,11.1
28,29,Louisville,Kentucky,KY,"https://en.wikipedia.org/wiki/Louisville,_Kentucky",620118,597337,3.81,263.5,2339.0,38°09′55″N 85°38′51″W﻿ / ﻿38.1654°N 85.6474°W,38.165277,-85.6475,84.3,35.2
29,30,Baltimore,Maryland,MD,https://en.wikipedia.org/wiki/Baltimore,602495,620961,-2.97,80.9,7598.0,39°18′00″N 76°36′38″W﻿ / ﻿39.3000°N 76.6105°W,39.3,-76.610555,29.6,63.7
30,31,Milwaukee,Wisconsin,WI,https://en.wikipedia.org/wiki/Milwaukee,592025,594833,-0.47,96.2,6186.0,43°03′48″N 87°58′00″W﻿ / ﻿43.0633°N 87.9667°W,43.063333,-87.966666,37.0,40.0
31,32,Albuquerque,New Mexico,NM,"https://en.wikipedia.org/wiki/Albuquerque,_New_Mexico",560218,545852,2.63,188.2,2972.0,35°06′20″N 106°38′51″W﻿ / ﻿35.1056°N 106.6474°W,35.105555,-106.6475,69.7,3.3
32,33,Tucson,Arizona,AZ,"https://en.wikipedia.org/wiki/Tucson,_Arizona",545975,520116,4.97,230.8,2299.0,32°09′11″N 110°52′14″W﻿ / ﻿32.1531°N 110.8706°W,32.153055,-110.87055,69.7,47.2
33,34,Fresno,California,CA,"https://en.wikipedia.org/wiki/Fresno,_California",530093,494665,7.16,114.4,4563.0,36°47′01″N 119°47′36″W﻿ / ﻿36.7836°N 119.7934°W,36.783611,-119.79333,50.6,8.3
34,35,Mesa,Arizona,AZ,"https://en.wikipedia.org/wiki/Mesa,_Arizona",508958,439041,15.92,137.9,3514.0,33°24′07″N 111°43′03″W﻿ / ﻿33.4019°N 111.7174°W,33.401944,-111.7175,81.6,27.4
35,36,Sacramento,California,CA,"https://en.wikipedia.org/wiki/Sacramento,_California",508529,466488,9.01,97.9,5059.0,38°34′00″N 121°28′07″W﻿ / ﻿38.5666°N 121.4686°W,38.566666,-121.46861,45.0,14.6
36,37,Atlanta,Georgia,GA,https://en.wikipedia.org/wiki/Atlanta,498044,420003,18.58,133.5,3539.0,33°45′46″N 84°25′22″W﻿ / ﻿33.7629°N 84.4227°W,33.762777,-84.422777,41.3,51.4
37,38,Kansas City,Missouri,MO,"https://en.wikipedia.org/wiki/Kansas_City,_Missouri",491918,459787,6.99,315.0,1528.0,39°07′30″N 94°33′04″W﻿ / ﻿39.1251°N 94.5510°W,39.125,-94.551111,59.2,29.9
38,39,Colorado Springs,Colorado,CO,"https://en.wikipedia.org/wiki/Colorado_Springs,_Colorado",472688,416427,13.51,195.6,2378.0,38°52′02″N 104°45′39″W﻿ / ﻿38.8673°N 104.7607°W,38.867222,-104.76083,78.8,6.6
39,40,Miami,Florida,FL,https://en.wikipedia.org/wiki/Miami,470914,399457,17.89,36.0,12599.0,25°46′31″N 80°12′31″W﻿ / ﻿25.7752°N 80.2086°W,25.775277,-80.208611,11.9,19.2
40,41,Raleigh,North Carolina,NC,"https://en.wikipedia.org/wiki/Raleigh,_North_Carolina",469298,403892,16.19,145.1,3163.0,35°49′50″N 78°38′30″W﻿ / ﻿35.8306°N 78.6418°W,35.830555,-78.641666,57.5,29.3
41,42,Omaha,Nebraska,NE,"https://en.wikipedia.org/wiki/Omaha,_Nebraska",468262,408958,14.5,133.2,3356.0,41°15′52″N 96°02′42″W﻿ / ﻿41.2644°N 96.0451°W,41.264444,-96.045,73.1,13.7
42,43,Long Beach,California,CA,"https://en.wikipedia.org/wiki/Long_Beach,_California",467354,462257,1.1,50.3,9347.0,33°48′33″N 118°09′19″W﻿ / ﻿33.8092°N 118.1553°W,33.809166,-118.15527,46.1,13.5
43,44,Virginia Beach,Virginia,VA,"https://en.wikipedia.org/wiki/Virginia_Beach,_Virginia",450189,437994,2.78,244.7,1850.0,36°46′48″N 76°01′31″W﻿ / ﻿36.7800°N 76.0252°W,36.78,-76.025277,67.7,19.6
44,45,Oakland,California,CA,"https://en.wikipedia.org/wiki/Oakland,_California",429082,390724,9.82,55.9,7514.0,37°46′11″N 122°13′33″W﻿ / ﻿37.7698°N 122.2257°W,37.769722,-122.22583,34.5,28.0
45,46,Minneapolis,Minnesota,MN,https://en.wikipedia.org/wiki/Minneapolis,425403,382578,11.19,54.0,7660.0,44°57′48″N 93°16′06″W﻿ / ﻿44.9633°N 93.2683°W,44.963333,-93.268333,63.8,18.6
46,47,Tulsa,Oklahoma,OK,"https://en.wikipedia.org/wiki/Tulsa,_Oklahoma",400669,391906,2.24,196.8,2048.0,36°07′40″N 95°54′08″W﻿ / ﻿36.1279°N 95.9023°W,36.127777,-95.902222,62.6,15.6
47,48,Arlington,Texas,TX,"https://en.wikipedia.org/wiki/Arlington,_Texas",398112,365438,8.94,95.8,4100.0,32°42′03″N 97°07′29″W﻿ / ﻿32.7007°N 97.1247°W,32.700833,-97.124722,59.0,18.8
48,49,Tampa,Florida,FL,"https://en.wikipedia.org/wiki/Tampa,_Florida",392890,335709,17.03,113.4,3326.0,27°58′12″N 82°28′47″W﻿ / ﻿27.9701°N 82.4797°W,27.97,-82.479722,62.9,26.2
49,50,New Orleans,Louisiana,LA,https://en.wikipedia.org/wiki/New_Orleans,391006,343829,13.72,169.4,2311.0,30°03′12″N 89°56′04″W﻿ / ﻿30.0534°N 89.9345°W,30.053333,-89.934444,33.0,60.2
50,51,Wichita,Kansas,KS,"https://en.wikipedia.org/wiki/Wichita,_Kansas",389255,382368,1.8,160.4,2431.0,37°41′27″N 97°20′45″W﻿ / ﻿37.6907°N 97.3459°W,37.690833,-97.345833,71.9,11.5
51,52,Cleveland,Ohio,OH,https://en.wikipedia.org/wiki/Cleveland,383793,396815,-3.28,77.7,4965.0,41°28′43″N 81°40′46″W﻿ / ﻿41.4785°N 81.6794°W,41.478611,-81.679444,37.3,53.3
52,53,Bakersfield,California,CA,"https://en.wikipedia.org/wiki/Bakersfield,_California",383579,347483,10.39,148.8,2529.0,35°19′16″N 119°01′06″W﻿ / ﻿35.3212°N 119.0183°W,35.321111,-119.01833,56.8,8.1
53,54,Aurora,Colorado,CO,"https://en.wikipedia.org/wiki/Aurora,_Illinois",374114,325078,15.08,153.5,2356.0,39°41′17″N 104°41′23″W﻿ / ﻿39.6880°N 104.6897°W,39.688055,-104.68972,56.5,10.2
54,55,Anaheim,California,CA,"https://en.wikipedia.org/wiki/Anaheim,_California",352005,336265,4.68,50.0,7021.0,33°51′20″N 117°45′36″W﻿ / ﻿33.8555°N 117.7601°W,33.855555,-117.76,52.7,2.8
55,56,Honolulu,Hawaii,HI,https://en.wikipedia.org/wiki/Honolulu,347397,337256,3.01,60.5,5815.0,21°19′27″N 157°50′51″W﻿ / ﻿21.3243°N 157.8476°W,21.324166,-157.8475,33.9,1.5
56,57,Santa Ana,California,CA,"https://en.wikipedia.org/wiki/Santa_Ana,_California",332725,324528,2.53,27.1,12333.0,33°44′11″N 117°52′59″W﻿ / ﻿33.7363°N 117.8830°W,33.736388,-117.88305,45.9,1.5
57,58,Riverside,California,CA,"https://en.wikipedia.org/wiki/Riverside,_California",330063,303871,8.62,81.2,3999.0,33°56′17″N 117°23′36″W﻿ / ﻿33.9381°N 117.3932°W,33.938055,-117.39333,56.5,7.0
58,59,Corpus Christi,Texas,TX,"https://en.wikipedia.org/wiki/Corpus_Christi,_Texas",326554,305215,6.99,174.6,1866.0,27°45′15″N 97°10′24″W﻿ / ﻿27.7543°N 97.1734°W,27.754166,-97.173333,71.62,4.67
59,60,Lexington,Kentucky,KY,"https://en.wikipedia.org/wiki/Lexington,_Kentucky",323780,295803,9.46,283.6,1123.0,38°02′27″N 84°27′30″W﻿ / ﻿38.0407°N 84.4583°W,38.040833,-84.458333,75.7,14.5
60,61,Stockton,California,CA,"https://en.wikipedia.org/wiki/Stockton,_California",311178,291707,6.67,61.7,4977.0,37°58′35″N 121°18′48″W﻿ / ﻿37.9763°N 121.3133°W,37.976388,-121.31333,37.0,12.2
61,62,Henderson,Nevada,NV,"https://en.wikipedia.org/wiki/Henderson,_Nevada",310390,257729,20.43,104.7,2798.0,36°00′35″N 115°02′09″W﻿ / ﻿36.0097°N 115.0357°W,36.009722,-115.03583,76.9,5.1
62,63,Saint Paul,Minnesota,MN,"https://en.wikipedia.org/wiki/Saint_Paul,_Minnesota",307695,285068,7.94,52.0,5815.0,44°56′56″N 93°06′15″W﻿ / ﻿44.9489°N 93.1041°W,44.948888,-93.104166,60.1,15.7
63,64,St. Louis,Missouri,MO,https://en.wikipedia.org/wiki/St._Louis,302838,319294,-5.15,62.0,5023.0,38°38′09″N 90°14′41″W﻿ / ﻿38.6357°N 90.2446°W,38.635833,-90.244722,47.2,46.4
64,65,Cincinnati,Ohio,OH,https://en.wikipedia.org/wiki/Cincinnati,302605,296943,1.91,77.4,3860.0,39°08′25″N 84°30′21″W﻿ / ﻿39.1402°N 84.5058°W,39.140277,-84.505833,49.3,44.8
65,66,Pittsburgh,Pennsylvania,PA,https://en.wikipedia.org/wiki/Pittsburgh,301048,305704,-1.52,55.4,5481.0,40°26′23″N 79°58′36″W﻿ / ﻿40.4398°N 79.9766°W,40.439722,-79.976666,66.0,26.1
66,67,Greensboro,North Carolina,NC,"https://en.wikipedia.org/wiki/Greensboro,_North_Carolina",294722,269666,9.29,128.3,2237.0,36°05′42″N 79°49′37″W﻿ / ﻿36.0951°N 79.8270°W,36.095,-79.826944,74.0,25.8
67,68,Anchorage,Alaska,AK,"https://en.wikipedia.org/wiki/Anchorage,_Alaska",291538,291826,-0.1,1706.6,175.0,61°10′27″N 149°17′03″W﻿ / ﻿61.1743°N 149.2843°W,61.174166,-149.28416,66.0,5.6
68,69,Plano,Texas,TX,"https://en.wikipedia.org/wiki/Plano,_Texas",288061,259841,10.86,71.7,3990.0,33°03′03″N 96°44′52″W﻿ / ﻿33.0508°N 96.7479°W,33.050833,-96.747777,66.9,7.6
69,70,Lincoln,Nebraska,NE,"https://en.wikipedia.org/wiki/Lincoln,_Nebraska",287401,258379,11.23,92.1,3044.0,40°48′38″N 96°40′49″W﻿ / ﻿40.8105°N 96.6803°W,40.810555,-96.680277,86.0,3.8
70,71,Orlando,Florida,FL,"https://en.wikipedia.org/wiki/Orlando,_Florida",285713,238300,19.9,105.2,2635.0,28°25′00″N 81°16′25″W﻿ / ﻿28.4166°N 81.2736°W,28.416666,-81.273611,57.6,25.1
71,72,Irvine,California,CA,"https://en.wikipedia.org/wiki/Irvine,_California",282572,212375,33.05,65.6,4057.0,33°40′42″N 117°46′17″W﻿ / ﻿33.6784°N 117.7713°W,33.678333,-117.77138,87.8,1.5
72,73,Newark,New Jersey,NJ,"https://en.wikipedia.org/wiki/Newark,_New_Jersey",282090,277140,1.79,24.1,11691.0,40°43′27″N 74°10′21″W﻿ / ﻿40.7242°N 74.1726°W,40.724166,-74.1725,26.3,52.4
73,74,Toledo,Ohio,OH,"https://en.wikipedia.org/wiki/Toledo,_Ohio",274975,287208,-4.26,80.7,3451.0,41°39′51″N 83°34′55″W﻿ / ﻿41.6641°N 83.5819°W,41.664166,-83.581944,64.8,27.2
74,75,Durham,North Carolina,NC,"https://en.wikipedia.org/wiki/Durham,_North_Carolina",274291,228330,20.13,109.8,2395.0,35°58′52″N 78°54′10″W﻿ / ﻿35.9811°N 78.9029°W,35.981111,-78.902777,60.8,38.8
75,76,Chula Vista,California,CA,"https://en.wikipedia.org/wiki/Chula_Vista,_California",271651,243916,11.37,49.6,5387.0,32°37′40″N 117°00′55″W﻿ / ﻿32.6277°N 117.0152°W,32.627777,-117.01527,53.7,4.6
76,77,Fort Wayne,Indiana,IN,"https://en.wikipedia.org/wiki/Fort_Wayne,_Indiana",267633,253691,5.5,110.6,2391.0,41°05′18″N 85°08′38″W﻿ / ﻿41.0882°N 85.1439°W,41.088333,-85.143888,73.62,5.41
77,78,Jersey City,New Jersey,NJ,"https://en.wikipedia.org/wiki/Jersey_City,_New_Jersey",265549,247597,7.25,14.8,17848.0,40°42′41″N 74°03′53″W﻿ / ﻿40.7114°N 74.0648°W,40.711388,-74.064722,32.7,25.8
78,79,St. Petersburg,Florida,FL,"https://en.wikipedia.org/wiki/St._Petersburg,_Florida",265098,244769,8.31,61.8,4223.0,27°45′43″N 82°38′39″W﻿ / ﻿27.7620°N 82.6441°W,27.761944,-82.644166,68.7,23.9
79,80,Laredo,Texas,TX,"https://en.wikipedia.org/wiki/Laredo,_Texas",261639,236091,10.82,101.1,2544.0,27°33′37″N 99°29′21″W﻿ / ﻿27.5604°N 99.4892°W,27.560277,-99.489166,87.7,0.2
80,81,Madison,Wisconsin,WI,"https://en.wikipedia.org/wiki/Madison,_Wisconsin",258054,233209,10.65,77.0,3280.0,43°05′16″N 89°25′48″W﻿ / ﻿43.0878°N 89.4299°W,43.087777,-89.43,87.7,0.2
81,82,Chandler,Arizona,AZ,"https://en.wikipedia.org/wiki/Chandler,_Arizona",257165,236123,8.91,64.9,3813.0,33°16′58″N 111°51′18″W﻿ / ﻿33.2829°N 111.8549°W,33.282777,-111.85499,73.3,4.8
82,83,Buffalo,New York,NY,"https://en.wikipedia.org/wiki/Buffalo,_New_York",256304,261310,-1.92,40.4,6359.0,42°53′33″N 78°51′35″W﻿ / ﻿42.8925°N 78.8597°W,42.8925,-78.859722,50.4,38.6
83,84,Lubbock,Texas,TX,"https://en.wikipedia.org/wiki/Lubbock,_Texas",255885,229573,11.46,124.6,2027.0,33°33′56″N 101°53′12″W﻿ / ﻿33.5656°N 101.8867°W,33.565555,-101.88666,75.8,8.6
84,85,Scottsdale,Arizona,AZ,"https://en.wikipedia.org/wiki/Scottsdale,_Arizona",255310,217385,17.45,183.9,1341.0,33°41′03″N 111°51′40″W﻿ / ﻿33.6843°N 111.8611°W,33.684166,-111.86111,89.3,1.7
85,86,Reno,Nevada,NV,"https://en.wikipedia.org/wiki/Reno,_Nevada",250998,225221,11.45,107.3,2286.0,39°32′57″N 119°51′00″W﻿ / ﻿39.5491°N 119.8499°W,39.549166,-119.85,74.2,2.9
86,87,Glendale,Arizona,AZ,"https://en.wikipedia.org/wiki/Glendale,_California",250702,226721,10.58,59.1,4161.0,33°31′59″N 112°11′24″W﻿ / ﻿33.5331°N 112.1899°W,33.533055,-112.19,71.1,1.6
87,88,Gilbert,Arizona,AZ,"https://en.wikipedia.org/wiki/Gilbert,_Arizona",248279,208453,19.11,68.0,3487.0,33°18′37″N 111°44′35″W﻿ / ﻿33.3103°N 111.7431°W,33.310277,-111.74305,81.51,3.08
88,89,Winston–Salem,North Carolina,NC,"https://en.wikipedia.org/wiki/Winston%E2%80%93Salem,_North_Carolina",246328,229617,7.28,132.5,1828.0,36°06′10″N 80°15′40″W﻿ / ﻿36.1027°N 80.2610°W,36.102777,-80.261111,56.1,34.7
89,90,North Las Vegas,Nevada,NV,"https://en.wikipedia.org/wiki/North_Las_Vegas,_Nevada",245949,216961,13.36,98.0,2436.0,36°17′09″N 115°05′38″W﻿ / ﻿36.2857°N 115.0939°W,36.285833,-115.09388,47.4,19.9
90,91,Norfolk,Virginia,VA,"https://en.wikipedia.org/wiki/Norfolk,_Virginia",244076,242803,0.52,53.3,4599.0,36°55′23″N 76°14′41″W﻿ / ﻿36.9230°N 76.2446°W,36.923055,-76.244722,47.1,43.1
91,92,Chesapeake,Virginia,VA,"https://en.wikipedia.org/wiki/Chesapeake,_Virginia",242634,222209,9.19,338.5,703.0,36°40′46″N 76°18′06″W﻿ / ﻿36.6794°N 76.3018°W,36.679444,-76.301666,62.6,29.8
92,93,Garland,Texas,TX,"https://en.wikipedia.org/wiki/Garland,_Texas",242507,226876,6.89,57.0,4122.0,32°54′35″N 96°37′49″W﻿ / ﻿32.9098°N 96.6303°W,32.909722,-96.630277,57.5,14.5
93,94,Irving,Texas,TX,"https://en.wikipedia.org/wiki/Irving,_Texas",242242,216290,12.0,67.0,3557.0,32°51′28″N 96°58′12″W﻿ / ﻿32.8577°N 96.9700°W,32.857777,-96.97,64.2,10.2
94,95,Hialeah,Florida,FL,"https://en.wikipedia.org/wiki/Hialeah,_Florida",238942,224669,6.35,21.5,10995.0,25°52′12″N 80°18′10″W﻿ / ﻿25.8699°N 80.3029°W,25.87,-80.302777,92.6,2.7
95,96,Fremont,California,CA,"https://en.wikipedia.org/wiki/Fremont,_California",237807,214089,11.08,77.5,3008.0,37°29′40″N 121°56′28″W﻿ / ﻿37.4945°N 121.9412°W,37.494444,-121.94111,26.5,3.1
96,97,Boise,Idaho,ID,"https://en.wikipedia.org/wiki/Boise,_Idaho",228790,205671,11.24,82.1,2718.0,43°36′01″N 116°13′54″W﻿ / ﻿43.6002°N 116.2317°W,43.600277,-116.23166,89.0,1.5
97,98,Richmond,Virginia,VA,"https://en.wikipedia.org/wiki/Richmond,_Virginia",228783,204214,12.03,59.8,3732.0,37°31′53″N 77°28′34″W﻿ / ﻿37.5314°N 77.4760°W,37.531388,-77.476111,62.1,57.2
98,99,Baton Rouge,Louisiana,LA,"https://en.wikipedia.org/wiki/Baton_Rouge,_Louisiana",221599,229493,-3.44,85.9,2651.0,30°26′32″N 91°07′51″W﻿ / ﻿30.4422°N 91.1309°W,30.442222,-91.130833,39.37,4.54
99,100,Spokane,Washington,WA,"https://en.wikipedia.org/wiki/Spokane,_Washington",219190,208916,4.92,68.7,3144.0,47°40′01″N 117°26′00″W﻿ / ﻿47.6669°N 117.4333°W,47.666944,-117.43333,86.7,2.3
100,101,Des Moines,Iowa,IA,"https://en.wikipedia.org/wiki/Des_Moines,_Iowa",216853,203433,6.6,88.9,2424.0,41°34′21″N 93°36′37″W﻿ / ﻿41.5726°N 93.6102°W,41.5725,-93.610277,76.4,10.2
101,102,Tacoma,Washington,WA,"https://en.wikipedia.org/wiki/Tacoma,_Washington",216279,198397,9.01,49.7,4251.0,47°15′08″N 122°27′35″W﻿ / ﻿47.2522°N 122.4598°W,47.252222,-122.45972,64.9,12.2
102,103,San Bernardino,California,CA,"https://en.wikipedia.org/wiki/San_Bernardino,_California",215941,209924,2.87,61.5,3516.0,34°08′30″N 117°17′37″W﻿ / ﻿34.1416°N 117.2936°W,34.141666,-117.29361,45.6,15.0
103,104,Modesto,California,CA,"https://en.wikipedia.org/wiki/Modesto,_California",215030,201165,6.89,43.0,4934.0,37°38′15″N 121°00′11″W﻿ / ﻿37.6375°N 121.0030°W,37.6375,-121.00305,65.0,4.2
104,105,Fontana,California,CA,"https://en.wikipedia.org/wiki/Fontana,_California",213739,196069,9.01,43.0,4876.0,34°06′32″N 117°27′46″W﻿ / ﻿34.1090°N 117.4629°W,34.108888,-117.46277,47.4,10.0
105,106,Santa Clarita,California,CA,"https://en.wikipedia.org/wiki/Santa_Clarita,_California",210089,176320,19.15,52.8,3446.0,34°24′11″N 118°30′15″W﻿ / ﻿34.4030°N 118.5042°W,34.403055,-118.50416,70.9,3.2
106,107,Birmingham,Alabama,AL,"https://en.wikipedia.org/wiki/Birmingham,_Alabama",209880,212237,-1.11,146.1,1452.0,33°31′39″N 86°47′56″W﻿ / ﻿33.5274°N 86.7990°W,33.527499,-86.798888,22.3,73.4
107,108,Oxnard,California,CA,"https://en.wikipedia.org/wiki/Oxnard,_California",209877,197899,6.05,26.9,7729.0,34°12′08″N 119°12′17″W﻿ / ﻿34.2023°N 119.2046°W,34.202222,-119.20472,48.2,2.9
108,109,Fayetteville,North Carolina,NC,"https://en.wikipedia.org/wiki/Fayetteville,_North_Carolina",209468,200564,4.44,147.7,1386.0,35°04′58″N 78°58′25″W﻿ / ﻿35.0828°N 78.9735°W,35.082777,-78.973611,45.7,41.9
109,110,Moreno Valley,California,CA,"https://en.wikipedia.org/wiki/Moreno_Valley,_California",209050,193365,8.11,51.3,4006.0,33°55′24″N 117°12′21″W﻿ / ﻿33.9233°N 117.2057°W,33.923333,-117.20583,18.9,18.0
110,111,Rochester,New York,NY,"https://en.wikipedia.org/wiki/Rochester,_New_York",206284,210565,-2.03,35.8,5835.0,43°10′12″N 77°37′01″W﻿ / ﻿43.1699°N 77.6169°W,43.169999,-77.616944,43.7,41.7
111,112,Glendale,California,CA,"https://en.wikipedia.org/wiki/Glendale,_Arizona",201361,191719,5.03,30.4,6606.0,34°10′53″N 118°14′45″W﻿ / ﻿34.1814°N 118.2458°W,34.181388,-118.24583,75.54,41.7
112,113,Huntington Beach,California,CA,"https://en.wikipedia.org/wiki/Huntington_Beach,_California",200641,189992,5.6,26.9,7459.0,33°41′26″N 118°00′33″W﻿ / ﻿33.6906°N 118.0093°W,33.690555,-118.00916,76.7,1.0
113,114,Salt Lake City,Utah,UT,https://en.wikipedia.org/wiki/Salt_Lake_City,200591,186440,7.59,111.2,1742.0,40°46′37″N 111°55′52″W﻿ / ﻿40.7769°N 111.9310°W,40.776944,-111.93111,73.7,2.0
114,115,Grand Rapids,Michigan,MI,"https://en.wikipedia.org/wiki/Grand_Rapids,_Michigan",200217,188040,6.48,44.4,4424.0,42°57′40″N 85°39′20″W﻿ / ﻿42.9612°N 85.6556°W,42.961111,-85.655555,64.6,20.9
115,116,Amarillo,Texas,TX,"https://en.wikipedia.org/wiki/Amarillo,_Texas",199924,190695,4.84,101.4,1968.0,35°12′00″N 101°49′49″W﻿ / ﻿35.1999°N 101.8302°W,35.2,-101.83027,88.5,6.3
116,117,Yonkers,New York,NY,"https://en.wikipedia.org/wiki/Yonkers,_New_York",199663,195976,1.88,18.0,11156.0,40°56′45″N 73°52′03″W﻿ / ﻿40.9459°N 73.8674°W,40.945833,-73.867499,55.8,16.0
117,118,Aurora,Illinois,IL,"https://en.wikipedia.org/wiki/Aurora,_Colorado",199602,197899,0.86,44.9,4479.0,41°45′49″N 88°17′24″W﻿ / ﻿41.7635°N 88.2901°W,41.763611,-88.289999,61.1,15.7
118,119,Montgomery,Alabama,AL,"https://en.wikipedia.org/wiki/Montgomery,_Alabama",198218,205764,-3.67,159.8,1252.0,32°20′50″N 86°15′58″W﻿ / ﻿32.3472°N 86.2661°W,32.347222,-86.266111,37.3,56.6
119,120,Akron,Ohio,OH,"https://en.wikipedia.org/wiki/Akron,_Ohio",198006,199110,-0.55,62.0,3188.0,41°04′50″N 81°31′17″W﻿ / ﻿41.0805°N 81.5214°W,41.080555,-81.521388,62.2,31.5
120,121,Little Rock,Arkansas,AR,"https://en.wikipedia.org/wiki/Little_Rock,_Arkansas",197881,193524,2.25,118.7,1673.0,34°43′31″N 92°21′31″W﻿ / ﻿34.7254°N 92.3586°W,34.725277,-92.358611,48.9,42.3
121,122,Huntsville,Alabama,AL,"https://en.wikipedia.org/wiki/Huntsville,_Alabama",197318,180105,9.56,213.4,905.0,34°41′56″N 86°40′23″W﻿ / ﻿34.6990°N 86.6730°W,34.698888,-86.673055,60.3,31.2
122,123,Augusta,Georgia,GA,"https://en.wikipedia.org/wiki/Augusta,_Georgia",196939,195844,0.56,302.5,652.0,33°21′56″N 82°04′24″W﻿ / ﻿33.3655°N 82.0734°W,33.365555,-82.073333,29.1,64.7
123,124,Port St. Lucie,Florida,FL,"https://en.wikipedia.org/wiki/Port_St._Lucie,_Florida",195248,164603,18.62,118.9,1557.0,27°16′50″N 80°23′18″W﻿ / ﻿27.2806°N 80.3883°W,27.280555,-80.388333,74.3,16.3
124,125,Grand Prairie,Texas,TX,"https://en.wikipedia.org/wiki/Grand_Prairie,_Texas",194614,175396,10.96,72.3,2637.0,32°41′13″N 97°01′16″W﻿ / ﻿32.6869°N 97.0211°W,32.686944,-97.021111,52.6,13.5
125,126,Columbus,Georgia,GA,"https://en.wikipedia.org/wiki/Columbus,_Georgia",194160,189885,2.25,216.4,913.0,32°30′37″N 84°52′30″W﻿ / ﻿32.5102°N 84.8749°W,32.510277,-84.875,46.3,45.5
126,127,Tallahassee,Florida,FL,"https://en.wikipedia.org/wiki/Tallahassee,_Florida",193551,181376,6.71,100.4,1901.0,30°27′18″N 84°15′12″W﻿ / ﻿30.4551°N 84.2534°W,30.455,-84.253333,57.4,35.0
127,128,Overland Park,Kansas,KS,"https://en.wikipedia.org/wiki/Overland_Park,_Kansas",192536,173372,11.05,75.1,2516.0,38°53′20″N 94°41′26″W﻿ / ﻿38.8890°N 94.6906°W,38.888888,-94.690555,84.4,4.3
128,129,Tempe,Arizona,AZ,"https://en.wikipedia.org/wiki/Tempe,_Arizona",192364,161719,18.95,40.0,4562.0,33°23′18″N 111°55′54″W﻿ / ﻿33.3884°N 111.9318°W,33.388333,-111.93166,77.51,5.9
129,130,McKinney,Texas,TX,"https://en.wikipedia.org/wiki/McKinney,_Texas",191645,131117,46.16,63.0,2735.0,33°11′55″N 96°40′05″W﻿ / ﻿33.1985°N 96.6680°W,33.198611,-96.668055,74.8,10.5
130,131,Mobile,Alabama,AL,"https://en.wikipedia.org/wiki/Mobile,_Alabama",189572,195111,-2.84,139.4,1384.0,30°40′06″N 88°06′01″W﻿ / ﻿30.6684°N 88.1002°W,30.668333,-88.100277,45.0,50.6
131,132,Cape Coral,Florida,FL,"https://en.wikipedia.org/wiki/Cape_Coral,_Florida",189343,154305,22.71,105.6,1703.0,26°38′36″N 81°59′51″W﻿ / ﻿26.6432°N 81.9974°W,26.643333,-81.9975,88.2,4.3
132,133,Shreveport,Louisiana,LA,"https://en.wikipedia.org/wiki/Shreveport,_Louisiana",188987,199311,-5.18,107.1,1820.0,32°28′01″N 93°47′32″W﻿ / ﻿32.4669°N 93.7922°W,32.466944,-93.792222,41.16,4.7
133,134,Frisco,Texas,TX,"https://en.wikipedia.org/wiki/Frisco,_Texas",188170,116989,60.84,67.7,2417.0,33°09′19″N 96°49′21″W﻿ / ﻿33.1554°N 96.8226°W,33.155277,-96.822499,75.0,8.1
134,135,Knoxville,Tennessee,TN,"https://en.wikipedia.org/wiki/Knoxville,_Tennessee",187500,178874,4.82,98.5,1891.0,35°58′15″N 83°56′57″W﻿ / ﻿35.9707°N 83.9493°W,35.970833,-83.949166,76.1,17.1
135,136,Worcester,Massachusetts,MA,"https://en.wikipedia.org/wiki/Worcester,_Massachusetts",185877,181045,2.67,37.4,4933.0,42°16′10″N 71°48′28″W﻿ / ﻿42.2695°N 71.8078°W,42.269444,-71.807777,69.4,11.6
136,137,Brownsville,Texas,TX,"https://en.wikipedia.org/wiki/Brownsville,_Texas",183392,175023,4.78,132.5,1387.0,25°59′57″N 97°27′18″W﻿ / ﻿25.9991°N 97.4550°W,25.999166,-97.455,88.0,0.4
137,138,Vancouver,Washington,WA,"https://en.wikipedia.org/wiki/Vancouver,_Washington",183012,161791,13.12,46.9,3728.0,45°38′06″N 122°35′45″W﻿ / ﻿45.6349°N 122.5957°W,45.635,-122.59583,80.9,2.9
138,139,Fort Lauderdale,Florida,FL,"https://en.wikipedia.org/wiki/Fort_Lauderdale,_Florida",182595,165521,10.32,34.6,5166.0,26°08′28″N 80°08′48″W﻿ / ﻿26.1412°N 80.1467°W,26.141111,-80.146666,62.6,31.0
139,140,Sioux Falls,South Dakota,SD,"https://en.wikipedia.org/wiki/Sioux_Falls,_South_Dakota",181883,153888,18.19,75.4,2312.0,43°32′18″N 96°43′55″W﻿ / ﻿43.5383°N 96.7320°W,43.538333,-96.731944,86.8,4.2
140,141,Ontario,California,CA,"https://en.wikipedia.org/wiki/Ontario,_California",181107,163924,10.48,49.9,3471.0,34°02′22″N 117°36′15″W﻿ / ﻿34.0394°N 117.6042°W,34.039444,-117.60416,51.0,6.4
141,142,Chattanooga,Tennessee,TN,"https://en.wikipedia.org/wiki/Chattanooga,_Tennessee",180557,167674,7.68,143.1,1241.0,35°03′58″N 85°14′54″W﻿ / ﻿35.0660°N 85.2484°W,35.066111,-85.248333,58.0,34.9
142,143,Providence,Rhode Island,RI,"https://en.wikipedia.org/wiki/Providence,_Rhode_Island",179335,178042,0.73,18.4,9740.0,41°49′23″N 71°25′08″W﻿ / ﻿41.8231°N 71.4188°W,41.823055,-71.418888,49.8,16.0
143,144,Newport News,Virginia,VA,"https://en.wikipedia.org/wiki/Newport_News,_Virginia",178626,180719,-1.16,69.1,2631.0,37°04′34″N 76°31′19″W﻿ / ﻿37.0762°N 76.5220°W,37.076111,-76.521944,49.0,40.7
144,145,Rancho Cucamonga,California,CA,"https://en.wikipedia.org/wiki/Rancho_Cucamonga,_California",177751,165269,7.55,40.0,4413.0,34°07′24″N 117°33′51″W﻿ / ﻿34.1233°N 117.5642°W,34.123333,-117.56416,62.0,9.2
145,146,Santa Rosa,California,CA,"https://en.wikipedia.org/wiki/Santa_Rosa,_California",177586,167815,5.82,41.3,4241.0,38°26′48″N 122°42′22″W﻿ / ﻿38.4468°N 122.7061°W,38.446666,-122.70611,59.7,2.4
146,147,Oceanside,California,CA,"https://en.wikipedia.org/wiki/Oceanside,_California",176080,167086,5.38,41.3,4249.0,33°13′28″N 117°18′22″W﻿ / ﻿33.2245°N 117.3062°W,33.224444,-117.30611,65.2,4.7
147,148,Salem,Oregon,OR,"https://en.wikipedia.org/wiki/Salem,_Oregon",173442,154637,12.16,48.6,3445.0,44°55′25″N 123°01′24″W﻿ / ﻿44.9237°N 123.0232°W,44.923611,-123.02333,79.0,1.5
148,149,Elk Grove,California,CA,"https://en.wikipedia.org/wiki/Elk_Grove,_California",172886,153015,12.99,42.2,4022.0,38°24′53″N 121°23′06″W﻿ / ﻿38.4146°N 121.3850°W,38.414722,-121.385,45.9,11.1
149,150,Garden Grove,California,CA,"https://en.wikipedia.org/wiki/Garden_Grove,_California",172646,170883,1.03,18.0,9714.0,33°46′44″N 117°57′38″W﻿ / ﻿33.7788°N 117.9605°W,33.778888,-117.96055,39.9,1.3
150,151,Pembroke Pines,Florida,FL,"https://en.wikipedia.org/wiki/Pembroke_Pines,_Florida",172374,154019,11.92,33.0,5109.0,26°01′16″N 80°20′25″W﻿ / ﻿26.0210°N 80.3404°W,26.021111,-80.340277,67.3,19.8
151,152,Peoria,Arizona,AZ,"https://en.wikipedia.org/wiki/Peoria,_Arizona",172259,154065,11.81,175.7,934.0,33°47′10″N 112°18′29″W﻿ / ﻿33.7862°N 112.3080°W,33.786111,-112.30805,84.95,2.78
152,153,Eugene,Oregon,OR,"https://en.wikipedia.org/wiki/Eugene,_Oregon",171245,156185,9.64,44.1,3777.0,44°03′24″N 123°06′58″W﻿ / ﻿44.0567°N 123.1162°W,44.056666,-123.11611,85.8,1.4
153,154,Corona,California,CA,"https://en.wikipedia.org/wiki/Corona,_California",168819,152374,10.79,39.5,4222.0,33°51′43″N 117°33′56″W﻿ / ﻿33.8620°N 117.5655°W,33.861944,-117.56555,59.7,5.9
154,155,Cary,North Carolina,NC,"https://en.wikipedia.org/wiki/Cary,_North_Carolina",168160,135234,24.35,56.5,2873.0,35°46′51″N 78°48′48″W﻿ / ﻿35.7809°N 78.8133°W,35.780833,-78.813333,73.1,8.0
155,156,Springfield,Missouri,MO,"https://en.wikipedia.org/wiki/Springfield,_Missouri",168122,159498,5.41,82.3,2033.0,37°11′39″N 93°17′29″W﻿ / ﻿37.1942°N 93.2913°W,37.194166,-93.291388,88.7,4.1
156,157,Fort Collins,Colorado,CO,"https://en.wikipedia.org/wiki/Fort_Collins,_Colorado",167830,143986,16.56,55.8,2943.0,40°32′54″N 105°03′53″W﻿ / ﻿40.5482°N 105.0648°W,40.548333,-105.06472,82.4,3.01
157,158,Jackson,Mississippi,MS,"https://en.wikipedia.org/wiki/Jackson,_Mississippi",164422,173514,-5.24,111.0,1524.0,32°18′57″N 90°12′46″W﻿ / ﻿32.3158°N 90.2128°W,32.315833,-90.212777,64.3,35.7
158,159,Alexandria,Virginia,VA,"https://en.wikipedia.org/wiki/Alexandria,_Virginia",160530,139966,14.69,15.0,10387.0,38°49′12″N 77°05′03″W﻿ / ﻿38.8201°N 77.0841°W,38.82,-77.084166,60.9,21.8
159,160,Hayward,California,CA,"https://en.wikipedia.org/wiki/Hayward,_California",159620,144186,10.7,45.5,3493.0,37°37′43″N 122°06′09″W﻿ / ﻿37.6287°N 122.1024°W,37.628611,-122.10249,18.8,11.3
160,161,Lancaster,California,CA,"https://en.wikipedia.org/wiki/Lancaster,_California",159053,156633,1.55,94.3,1698.0,34°41′37″N 118°10′31″W﻿ / ﻿34.6936°N 118.1753°W,34.693611,-118.17527,49.6,20.5
161,162,Lakewood,Colorado,CO,"https://en.wikipedia.org/wiki/Lakewood,_Colorado",156798,142980,9.66,42.9,3599.0,39°41′56″N 105°07′03″W﻿ / ﻿39.6989°N 105.1176°W,39.698888,-105.11749,82.9,1.6
162,163,Clarksville,Tennessee,TN,"https://en.wikipedia.org/wiki/Clarksville,_Tennessee",156794,132929,17.95,98.3,1529.0,36°33′59″N 87°20′43″W﻿ / ﻿36.5664°N 87.3452°W,36.566388,-87.345277,66.6,23.1
163,164,Palmdale,California,CA,"https://en.wikipedia.org/wiki/Palmdale,_California",156667,152750,2.56,106.0,1484.0,34°35′28″N 118°06′19″W﻿ / ﻿34.5910°N 118.1054°W,34.591111,-118.10527,49.0,14.8
164,165,Salinas,California,CA,"https://en.wikipedia.org/wiki/Salinas,_California",156259,150441,3.87,23.6,6662.0,36°41′25″N 121°38′01″W﻿ / ﻿36.6902°N 121.6337°W,36.690277,-121.63361,45.8,2.0
165,166,Springfield,Massachusetts,MA,"https://en.wikipedia.org/wiki/Springfield,_Illinois",155032,153060,1.29,31.9,4830.0,42°06′56″N 72°32′24″W﻿ / ﻿42.1155°N 72.5400°W,42.115555,-72.539999,81.0,15.3
166,167,Hollywood,Florida,FL,"https://en.wikipedia.org/wiki/Hollywood,_Florida",154823,140768,9.98,27.3,5568.0,26°01′52″N 80°09′53″W﻿ / ﻿26.0310°N 80.1646°W,26.031111,-80.164722,72.7,16.7
167,168,Pasadena,Texas,TX,"https://en.wikipedia.org/wiki/Pasadena,_California",153219,149043,2.8,43.5,3525.0,29°39′31″N 95°09′02″W﻿ / ﻿29.6586°N 95.1506°W,29.658611,-95.150555,55.8,10.6
168,169,Sunnyvale,California,CA,"https://en.wikipedia.org/wiki/Sunnyvale,_California",153185,140081,9.35,22.0,6944.0,37°23′09″N 122°01′35″W﻿ / ﻿37.3858°N 122.0263°W,37.385833,-122.02638,34.5,1.8
169,170,Macon,Georgia,GA,"https://en.wikipedia.org/wiki/Macon,_Georgia",153095,91351,67.59,249.3,612.0,32°48′32″N 83°41′39″W﻿ / ﻿32.8088°N 83.6942°W,32.808888,-83.694166,28.56,7.94
170,171,Kansas City,Kansas,KS,"https://en.wikipedia.org/wiki/Kansas_City,_Kansas",152958,145786,4.92,124.8,1216.0,39°07′21″N 94°44′30″W﻿ / ﻿39.1225°N 94.7418°W,39.1225,-94.741666,52.2,26.8
171,172,Pomona,California,CA,"https://en.wikipedia.org/wiki/Pomona,_California",152361,149058,2.22,23.0,6630.0,34°03′31″N 117°45′40″W﻿ / ﻿34.0585°N 117.7611°W,34.058611,-117.76111,48.0,7.3
172,173,Escondido,California,CA,"https://en.wikipedia.org/wiki/Escondido,_California",152213,143911,5.77,37.1,4087.0,33°07′59″N 117°04′26″W﻿ / ﻿33.1331°N 117.0740°W,33.133055,-117.07388,60.4,2.1
173,174,Killeen,Texas,TX,"https://en.wikipedia.org/wiki/Killeen,_Texas",149103,127921,16.56,53.5,2680.0,31°04′40″N 97°43′55″W﻿ / ﻿31.0777°N 97.7320°W,31.077777,-97.731944,45.1,34.1
174,175,Naperville,Illinois,IL,"https://en.wikipedia.org/wiki/Naperville,_Illinois",148304,141853,4.55,38.7,3802.0,41°44′57″N 88°09′43″W﻿ / ﻿41.7492°N 88.1620°W,41.749166,-88.161944,76.5,4.7
175,176,Joliet,Illinois,IL,"https://en.wikipedia.org/wiki/Joliet,_Illinois",148099,147433,0.45,64.4,2302.0,41°31′04″N 88°08′56″W﻿ / ﻿41.5177°N 88.1488°W,41.517777,-88.148888,67.48,5.98
176,177,Bellevue,Washington,WA,"https://en.wikipedia.org/wiki/Bellevue,_Washington",147599,122363,20.62,33.5,4221.0,47°35′52″N 122°09′23″W﻿ / ﻿47.5979°N 122.1565°W,47.597777,-122.15638,62.6,2.2
177,178,Rockford,Illinois,IL,"https://en.wikipedia.org/wiki/Rockford,_Illinois",146526,152871,-4.15,63.5,2325.0,42°15′32″N 89°03′53″W﻿ / ﻿42.2588°N 89.0646°W,42.258888,-89.064722,65.1,20.5
178,179,Savannah,Georgia,GA,"https://en.wikipedia.org/wiki/Savannah,_Georgia",145862,136286,7.03,103.6,1417.0,32°00′09″N 81°09′13″W﻿ / ﻿32.0025°N 81.1536°W,32.0025,-81.153611,38.03,5.04
179,180,Paterson,New Jersey,NJ,"https://en.wikipedia.org/wiki/Paterson,_New_Jersey",145627,146199,-0.39,8.4,17500.0,40°54′53″N 74°09′46″W﻿ / ﻿40.9148°N 74.1628°W,40.914722,-74.162777,13.2,2.9
180,181,Torrance,California,CA,"https://en.wikipedia.org/wiki/Torrance,_California",145182,145438,-0.18,20.5,7180.0,33°50′06″N 118°20′29″W﻿ / ﻿33.8350°N 118.3414°W,33.835,-118.34138,51.1,2.7
181,182,Bridgeport,Connecticut,CT,"https://en.wikipedia.org/wiki/Bridgeport,_Connecticut",144900,144229,0.47,16.1,9064.0,41°11′15″N 73°11′45″W﻿ / ﻿41.1874°N 73.1958°W,41.1875,-73.195833,45.0,30.8
182,183,McAllen,Texas,TX,"https://en.wikipedia.org/wiki/McAllen,_Texas",143433,129877,10.44,58.4,2435.0,26°13′56″N 98°14′47″W﻿ / ﻿26.2322°N 98.2464°W,26.232222,-98.246388,83.9,0.9
183,184,Mesquite,Texas,TX,"https://en.wikipedia.org/wiki/Mesquite,_Texas",142816,139824,2.14,47.2,3045.0,32°45′46″N 96°35′20″W﻿ / ﻿32.7629°N 96.5888°W,32.762777,-96.588888,31.5,25.0
184,185,Syracuse,New York,NY,"https://en.wikipedia.org/wiki/Syracuse,_New_York",142749,145170,-1.67,25.0,5735.0,43°02′28″N 76°08′37″W﻿ / ﻿43.0410°N 76.1436°W,43.041111,-76.143611,56.0,29.5
185,186,Midland,Texas,TX,"https://en.wikipedia.org/wiki/Midland,_Texas",142344,111147,28.07,74.4,1809.0,32°01′29″N 102°06′49″W﻿ / ﻿32.0246°N 102.1135°W,32.024722,-102.11361,75.51,8.37
186,187,Pasadena,California,CA,"https://en.wikipedia.org/wiki/Pasadena,_Texas",141371,137122,3.1,23.0,6176.0,34°09′38″N 118°08′23″W﻿ / ﻿34.1606°N 118.1396°W,34.160555,-118.13972,83.3,2.7
187,188,Murfreesboro,Tennessee,TN,"https://en.wikipedia.org/wiki/Murfreesboro,_Tennessee",141344,108755,29.97,55.9,2360.0,35°51′08″N 86°24′58″W﻿ / ﻿35.8522°N 86.4160°W,35.852222,-86.416111,75.62,5.18
188,189,Miramar,Florida,FL,"https://en.wikipedia.org/wiki/Miramar,_Florida",140823,122041,15.39,29.4,4709.0,25°58′37″N 80°20′09″W﻿ / ﻿25.9770°N 80.3358°W,25.976944,-80.335833,41.0,45.7
189,190,Dayton,Ohio,OH,"https://en.wikipedia.org/wiki/Dayton,_Ohio",140640,141527,-0.63,55.7,2522.0,39°46′39″N 84°11′59″W﻿ / ﻿39.7774°N 84.1996°W,39.777499,-84.199722,51.7,42.9
190,191,Fullerton,California,CA,"https://en.wikipedia.org/wiki/Fullerton,_California",139640,135161,3.31,22.4,6282.0,33°53′09″N 117°55′41″W﻿ / ﻿33.8857°N 117.9280°W,33.885833,-117.92805,53.9,2.3
191,192,Olathe,Kansas,KS,"https://en.wikipedia.org/wiki/Olathe,_Kansas",139605,125872,10.91,60.9,2225.0,38°53′03″N 94°49′10″W﻿ / ﻿38.8843°N 94.8195°W,38.884166,-94.819444,83.1,5.3
192,193,Orange,California,CA,"https://en.wikipedia.org/wiki/Orange,_California",139484,136416,2.25,25.4,5532.0,33°47′13″N 117°51′41″W﻿ / ﻿33.7870°N 117.8613°W,33.786944,-117.86138,67.1,1.6
193,194,Thornton,Colorado,CO,"https://en.wikipedia.org/wiki/Thornton,_Colorado",139436,118772,17.4,35.7,3829.0,39°55′10″N 104°56′34″W﻿ / ﻿39.9194°N 104.9428°W,39.919444,-104.94277,77.4,1.8
194,195,Roseville,California,CA,"https://en.wikipedia.org/wiki/Roseville,_California",139117,118788,17.11,43.0,3085.0,38°46′08″N 121°19′08″W﻿ / ﻿38.7690°N 121.3189°W,38.768888,-121.31888,79.3,2.0
195,196,Denton,Texas,TX,"https://en.wikipedia.org/wiki/Denton,_Texas",138541,113383,22.19,93.4,1433.0,33°13′00″N 97°08′29″W﻿ / ﻿33.2166°N 97.1414°W,33.216666,-97.141388,73.8,10.3
196,197,Waco,Texas,TX,"https://en.wikipedia.org/wiki/Waco,_Texas",138183,124805,10.72,89.0,1510.0,31°33′36″N 97°11′10″W﻿ / ﻿31.5601°N 97.1860°W,31.56,-97.186111,60.78,2.65
197,198,Surprise,Arizona,AZ,"https://en.wikipedia.org/wiki/Surprise,_Arizona",138161,117517,17.57,107.9,1230.0,33°40′14″N 112°27′10″W﻿ / ﻿33.6706°N 112.4527°W,33.670555,-112.45277,71.2,5.1
198,199,Carrollton,Texas,TX,"https://en.wikipedia.org/wiki/Carrollton,_Texas",136879,119097,14.93,36.3,3674.0,32°59′18″N 96°53′59″W﻿ / ﻿32.9884°N 96.8998°W,32.988333,-96.899722,63.6,8.4
199,200,West Valley City,Utah,UT,"https://en.wikipedia.org/wiki/West_Valley_City,_Utah",136401,129480,5.35,35.5,3847.0,40°41′19″N 112°00′42″W﻿ / ﻿40.6885°N 112.0118°W,40.688611,-112.01166,46.8,2.4
200,201,Charleston,South Carolina,SC,"https://en.wikipedia.org/wiki/Charleston,_South_Carolina",136208,120083,13.43,109.0,1233.0,32°49′04″N 79°57′32″W﻿ / ﻿32.8179°N 79.9590°W,32.817777,-79.958888,70.2,25.4
201,202,Warren,Michigan,MI,"https://en.wikipedia.org/wiki/Warren,_Michigan",134587,134056,0.4,34.4,3928.0,42°29′34″N 83°01′30″W﻿ / ﻿42.4929°N 83.0250°W,42.492777,-83.025,78.4,13.5
202,203,Hampton,Virginia,VA,"https://en.wikipedia.org/wiki/Hampton,_Virginia",134313,137436,-2.27,51.5,2629.0,37°02′53″N 76°17′50″W﻿ / ﻿37.0480°N 76.2971°W,37.048055,-76.297222,42.7,49.6
203,204,Gainesville,Florida,FL,"https://en.wikipedia.org/wiki/Gainesville,_Florida",133857,124354,7.64,62.3,2112.0,29°40′44″N 82°20′46″W﻿ / ﻿29.6788°N 82.3461°W,29.678888,-82.346111,64.9,23.0
204,205,Visalia,California,CA,"https://en.wikipedia.org/wiki/Visalia,_California",133800,124442,7.52,37.5,3495.0,36°19′38″N 119°19′44″W﻿ / ﻿36.3273°N 119.3289°W,36.327222,-119.32888,64.5,40.6
205,206,Coral Springs,Florida,FL,"https://en.wikipedia.org/wiki/Coral_Springs,_Florida",133507,121096,10.25,23.8,5465.0,26°16′15″N 80°15′33″W﻿ / ﻿26.2707°N 80.2593°W,26.270833,-80.259166,69.2,17.9
206,207,Columbia,South Carolina,SC,"https://en.wikipedia.org/wiki/Columbia,_South_Carolina",133451,129272,3.23,133.5,1006.0,34°01′45″N 80°53′53″W﻿ / ﻿34.0291°N 80.8980°W,34.029166,-80.898055,51.27,2.2
207,208,Cedar Rapids,Iowa,IA,"https://en.wikipedia.org/wiki/Cedar_Rapids,_Iowa",133174,126326,5.42,70.8,1852.0,41°58′01″N 91°40′40″W﻿ / ﻿41.9670°N 91.6778°W,41.966944,-91.677777,91.9,5.58
208,209,Sterling Heights,Michigan,MI,"https://en.wikipedia.org/wiki/Sterling_Heights,_Michigan",132964,129699,2.52,36.5,3628.0,42°34′52″N 83°01′49″W﻿ / ﻿42.5812°N 83.0303°W,42.581111,-83.030277,85.1,5.2
209,210,New Haven,Connecticut,CT,"https://en.wikipedia.org/wiki/New_Haven,_Connecticut",130418,129779,0.49,18.7,6948.0,41°18′39″N 72°55′30″W﻿ / ﻿41.3108°N 72.9250°W,41.310833,-72.925,42.6,35.4
210,211,Stamford,Connecticut,CT,"https://en.wikipedia.org/wiki/Stamford,_Connecticut",129775,122643,5.82,37.6,3434.0,41°04′48″N 73°32′46″W﻿ / ﻿41.0799°N 73.5460°W,41.08,-73.546111,94.6,23.8
211,212,Concord,California,CA,"https://en.wikipedia.org/wiki/Concord,_California",129688,122067,6.24,30.5,4221.0,37°58′20″N 122°00′06″W﻿ / ﻿37.9722°N 122.0016°W,37.972222,-122.00166,50.3,3.3
212,213,Kent,Washington,WA,"https://en.wikipedia.org/wiki/Kent,_Washington",129618,92411,40.26,33.7,3784.0,47°23′17″N 122°12′46″W﻿ / ﻿47.3880°N 122.2127°W,47.388055,-122.21277,55.5,11.3
213,214,Santa Clara,California,CA,"https://en.wikipedia.org/wiki/Santa_Clara,_California",129488,116468,11.18,18.4,6845.0,37°21′53″N 121°58′04″W﻿ / ﻿37.3646°N 121.9679°W,37.364722,-121.96777,36.1,2.5
214,215,Elizabeth,New Jersey,NJ,"https://en.wikipedia.org/wiki/Elizabeth,_New_Jersey",128885,124969,3.13,12.3,10459.0,40°39′59″N 74°11′37″W﻿ / ﻿40.6664°N 74.1935°W,40.666388,-74.193611,55.78,9.98
215,216,Round Rock,Texas,TX,"https://en.wikipedia.org/wiki/Round_Rock,_Texas",128739,99887,28.88,35.6,3396.0,30°31′31″N 97°39′58″W﻿ / ﻿30.5252°N 97.6660°W,30.525277,-97.666111,76.4,9.4
216,217,Thousand Oaks,California,CA,"https://en.wikipedia.org/wiki/Thousand_Oaks,_California",127690,126683,0.79,55.2,2335.0,34°11′36″N 118°52′27″W﻿ / ﻿34.1933°N 118.8742°W,34.193333,-118.87416,80.3,1.3
217,218,Lafayette,Louisiana,LA,"https://en.wikipedia.org/wiki/Lafayette,_Louisiana",126143,120623,4.58,53.8,2372.0,30°12′27″N 92°01′43″W﻿ / ﻿30.2074°N 92.0285°W,30.2075,-92.028611,68.23,8.51
218,219,Athens,Georgia,GA,"https://en.wikipedia.org/wiki/Athens,_Georgia",125964,115452,9.11,116.4,1060.0,33°56′59″N 83°22′12″W﻿ / ﻿33.9496°N 83.3701°W,33.949722,-83.369999,64.71,7.37
219,220,Topeka,Kansas,KS,"https://en.wikipedia.org/wiki/Topeka,_Kansas",125904,127473,-1.23,61.5,2062.0,39°02′05″N 95°41′46″W﻿ / ﻿39.0347°N 95.6962°W,39.034722,-95.696111,91.8,11.3
220,221,Simi Valley,California,CA,"https://en.wikipedia.org/wiki/Simi_Valley,_California",125851,124237,1.3,41.5,3044.0,34°16′01″N 118°44′55″W﻿ / ﻿34.2669°N 118.7485°W,34.266944,-118.74861,75.3,1.4
221,222,Fargo,North Dakota,ND,"https://en.wikipedia.org/wiki/Fargo,_North_Dakota",124844,105549,18.28,49.3,2450.0,46°51′55″N 96°49′44″W﻿ / ﻿46.8652°N 96.8290°W,46.865277,-96.828888,90.2,2.7
222,223,Norman,Oklahoma,OK,"https://en.wikipedia.org/wiki/Norman,_Oklahoma",123471,110925,11.31,178.8,683.0,35°14′26″N 97°20′43″W﻿ / ﻿35.2406°N 97.3453°W,35.240555,-97.345277,84.7,4.3
223,224,Columbia,Missouri,MO,"https://en.wikipedia.org/wiki/Columbia,_Missouri",123180,108500,13.53,65.0,1856.0,38°57′06″N 92°19′43″W﻿ / ﻿38.951561°N 92.328638°W,38.951666,-92.328611,79.0,11.3
224,225,Abilene,Texas,TX,"https://en.wikipedia.org/wiki/Abilene,_Texas",122999,117063,5.07,106.7,1146.0,32°27′16″N 99°44′17″W﻿ / ﻿32.4545°N 99.7381°W,32.454444,-99.738055,62.4,9.6
225,226,Wilmington,North Carolina,NC,"https://en.wikipedia.org/wiki/Wilmington,_North_Carolina",122607,106476,15.15,51.6,2278.0,34°12′33″N 77°53′09″W﻿ / ﻿34.2092°N 77.8858°W,34.209166,-77.885833,73.5,19.9
226,227,Hartford,Connecticut,CT,"https://en.wikipedia.org/wiki/Hartford,_Connecticut",122587,124775,-1.75,17.4,7083.0,41°45′57″N 72°40′54″W﻿ / ﻿41.7659°N 72.6816°W,41.765833,-72.681666,29.8,38.7
227,228,Victorville,California,CA,"https://en.wikipedia.org/wiki/Victorville,_California",122312,115903,5.53,73.3,1668.0,34°31′40″N 117°21′13″W﻿ / ﻿34.5277°N 117.3536°W,34.527777,-117.35361,48.5,16.8
228,229,Pearland,Texas,TX,"https://en.wikipedia.org/wiki/Pearland,_Texas",122149,91252,33.86,46.3,2453.0,29°33′21″N 95°19′23″W﻿ / ﻿29.5558°N 95.3231°W,29.555833,-95.323055,62.0,16.4
229,230,Vallejo,California,CA,"https://en.wikipedia.org/wiki/Vallejo,_California",121913,115942,5.15,30.7,3951.0,38°06′28″N 122°15′50″W﻿ / ﻿38.1079°N 122.2640°W,38.107777,-122.26388,32.8,22.1
230,231,Ann Arbor,Michigan,MI,"https://en.wikipedia.org/wiki/Ann_Arbor,_Michigan",121890,113934,6.98,28.1,4298.0,42°16′34″N 83°43′51″W﻿ / ﻿42.2761°N 83.7309°W,42.276111,-83.730833,73.0,7.7
231,232,Berkeley,California,CA,"https://en.wikipedia.org/wiki/Berkeley,_California",121643,112580,8.05,10.5,11547.0,37°52′01″N 122°17′57″W﻿ / ﻿37.8670°N 122.2991°W,37.866944,-122.29916,54.7,9.7
232,233,Allentown,Pennsylvania,PA,"https://en.wikipedia.org/wiki/Allentown,_Pennsylvania",121433,118032,2.88,17.5,6882.0,40°35′37″N 75°28′42″W﻿ / ﻿40.5936°N 75.4784°W,40.593611,-75.478333,43.2,11.6
233,234,Richardson,Texas,TX,"https://en.wikipedia.org/wiki/Richardson,_Texas",120981,99223,21.93,28.6,3963.0,32°58′20″N 96°42′29″W﻿ / ﻿32.9723°N 96.7081°W,32.972222,-96.708055,67.0,8.7
234,235,Odessa,Texas,TX,"https://en.wikipedia.org/wiki/Odessa,_Texas",120568,99940,20.64,45.2,2608.0,31°53′02″N 102°20′28″W﻿ / ﻿31.8838°N 102.3411°W,31.883888,-102.34111,75.4,5.7
235,236,Arvada,Colorado,CO,"https://en.wikipedia.org/wiki/Arvada,_Colorado",120492,106433,13.21,38.6,3043.0,39°50′01″N 105°09′01″W﻿ / ﻿39.8337°N 105.1503°W,39.833611,-105.15027,89.08,0.9
236,237,Cambridge,Massachusetts,MA,"https://en.wikipedia.org/wiki/Cambridge,_Massachusetts",118977,105162,13.14,6.4,17289.0,42°22′34″N 71°07′07″W﻿ / ﻿42.3760°N 71.1187°W,42.376111,-71.118611,66.6,11.7
237,238,Sugar Land,Texas,TX,"https://en.wikipedia.org/wiki/Sugar_Land,_Texas",118600,78817,50.48,34.0,3488.0,29°35′58″N 95°36′51″W﻿ / ﻿29.5994°N 95.6142°W,29.599444,-95.614166,52.0,7.4
238,239,Beaumont,Texas,TX,"https://en.wikipedia.org/wiki/Beaumont,_Texas",118428,118296,0.11,82.1,1441.0,30°05′06″N 94°08′43″W﻿ / ﻿30.0849°N 94.1453°W,30.084999,-94.145277,33.5,47.3
239,240,Lansing,Michigan,MI,"https://en.wikipedia.org/wiki/Lansing,_Michigan",118427,114297,3.61,39.1,2967.0,42°42′51″N 84°33′33″W﻿ / ﻿42.7143°N 84.5593°W,42.714166,-84.559166,61.2,23.7
240,241,Evansville,Indiana,IN,"https://en.wikipedia.org/wiki/Evansville,_Indiana",117963,117429,0.45,47.3,2526.0,37°59′16″N 87°32′05″W﻿ / ﻿37.9877°N 87.5347°W,37.987777,-87.534722,82.0,12.6
241,242,Rochester,Minnesota,MN,"https://en.wikipedia.org/wiki/Rochester,_Minnesota",116961,106769,9.55,54.6,2088.0,44°00′55″N 92°28′38″W﻿ / ﻿44.0154°N 92.4772°W,44.015277,-92.477222,82.0,6.3
242,243,Independence,Missouri,MO,"https://en.wikipedia.org/wiki/Independence,_Missouri",116925,116830,0.08,77.8,1504.0,39°05′08″N 94°21′08″W﻿ / ﻿39.0855°N 94.3521°W,39.085555,-94.352222,85.7,5.6
243,244,Fairfield,California,CA,"https://en.wikipedia.org/wiki/Fairfield,_California",116884,105321,10.98,40.9,2806.0,38°15′33″N 122°01′56″W﻿ / ﻿38.2593°N 122.0321°W,38.259166,-122.03222,46.0,15.7
244,245,Provo,Utah,UT,"https://en.wikipedia.org/wiki/Provo,_Utah",116702,112488,3.75,41.7,2803.0,40°14′43″N 111°38′41″W﻿ / ﻿40.2453°N 111.6448°W,40.245277,-111.64472,84.8,0.7
245,246,Clearwater,Florida,FL,"https://en.wikipedia.org/wiki/Clearwater,_Florida",116478,107685,8.17,25.9,4415.0,27°58′44″N 82°46′00″W﻿ / ﻿27.9789°N 82.7666°W,27.978888,-82.766666,84.8,0.7
246,247,College Station,Texas,TX,"https://en.wikipedia.org/wiki/College_Station,_Texas",116218,93857,23.82,51.0,2199.0,30°35′07″N 96°17′47″W﻿ / ﻿30.5852°N 96.2964°W,30.585277,-96.296388,84.8,0.7
247,248,West Jordan,Utah,UT,"https://en.wikipedia.org/wiki/West_Jordan,_Utah",116046,103712,11.89,32.3,3520.0,40°36′09″N 112°00′03″W﻿ / ﻿40.6024°N 112.0008°W,40.6025,-112.00083,72.2,1.2
248,249,Carlsbad,California,CA,"https://en.wikipedia.org/wiki/Carlsbad,_California",115877,105328,10.02,37.7,3023.0,33°07′26″N 117°16′58″W﻿ / ﻿33.1239°N 117.2828°W,33.123888,-117.28277,82.8,1.3
249,250,El Monte,California,CA,"https://en.wikipedia.org/wiki/El_Monte,_California",115586,113475,1.86,9.6,12063.0,34°04′29″N 118°01′45″W﻿ / ﻿34.0746°N 118.0291°W,34.074722,-118.02916,38.8,0.8
250,251,Murrieta,California,CA,"https://en.wikipedia.org/wiki/Murrieta,_California",114985,103466,11.13,33.6,3324.0,33°34′20″N 117°11′25″W﻿ / ﻿33.5721°N 117.1904°W,33.572222,-117.19027,69.7,5.4
251,252,Temecula,California,CA,"https://en.wikipedia.org/wiki/Temecula,_California",114742,100097,14.63,37.3,3031.0,33°29′35″N 117°07′54″W﻿ / ﻿33.4931°N 117.1317°W,33.493055,-117.13166,70.8,4.1
252,253,Springfield,Illinois,IL,"https://en.wikipedia.org/wiki/Springfield,_Massachusetts",114694,116250,-1.34,60.1,1925.0,39°47′28″N 89°38′41″W﻿ / ﻿39.7911°N 89.6446°W,39.791111,-89.644722,51.8,22.3
253,254,Palm Bay,Florida,FL,"https://en.wikipedia.org/wiki/Palm_Bay,_Florida",114194,103190,10.66,65.7,1676.0,27°59′08″N 80°39′45″W﻿ / ﻿27.9856°N 80.6626°W,27.985555,-80.6625,72.9,17.9
254,255,Costa Mesa,California,CA,"https://en.wikipedia.org/wiki/Costa_Mesa,_California",113615,109960,3.32,15.7,7186.0,33°39′57″N 117°54′44″W﻿ / ﻿33.6659°N 117.9123°W,33.665833,-117.91222,68.5,1.5
255,256,Westminster,Colorado,CO,"https://en.wikipedia.org/wiki/Westminster,_Colorado",113479,106114,6.94,31.7,3592.0,39°52′56″N 105°03′52″W﻿ / ﻿39.8822°N 105.0644°W,39.882222,-105.06444,84.19,1.23
256,257,North Charleston,South Carolina,SC,"https://en.wikipedia.org/wiki/North_Charleston,_South_Carolina",113237,97471,16.18,73.7,1483.0,32°55′04″N 80°03′54″W﻿ / ﻿32.9178°N 80.0650°W,32.917777,-80.065,90.0,69.0
257,258,Miami Gardens,Florida,FL,"https://en.wikipedia.org/wiki/Miami_Gardens,_Florida",113069,107167,5.51,18.2,6212.0,25°56′56″N 80°14′37″W﻿ / ﻿25.9489°N 80.2436°W,25.948888,-80.243611,23.1,73.3
258,259,Manchester,New Hampshire,NH,"https://en.wikipedia.org/wiki/Manchester,_New_Hampshire",112525,109565,2.7,33.1,3339.0,42°59′06″N 71°26′39″W﻿ / ﻿42.9849°N 71.4441°W,42.985,-71.444166,86.1,4.1
259,260,High Point,North Carolina,NC,"https://en.wikipedia.org/wiki/High_Point,_North_Carolina",112316,104371,7.61,55.2,2015.0,35°59′24″N 79°59′26″W﻿ / ﻿35.9900°N 79.9905°W,35.99,-79.990555,53.6,33.0
260,261,Downey,California,CA,"https://en.wikipedia.org/wiki/Downey,_California",112269,111772,0.44,12.4,9134.0,33°56′18″N 118°07′51″W﻿ / ﻿33.9382°N 118.1309°W,33.938333,-118.13083,56.6,3.9
261,262,Clovis,California,CA,"https://en.wikipedia.org/wiki/Clovis,_California",112022,95631,17.14,24.2,4404.0,36°49′42″N 119°41′06″W﻿ / ﻿36.8282°N 119.6849°W,36.828333,-119.685,70.9,2.7
262,263,Pompano Beach,Florida,FL,"https://en.wikipedia.org/wiki/Pompano_Beach,_Florida",111954,99845,12.13,24.0,4558.0,26°14′30″N 80°08′02″W﻿ / ﻿26.2416°N 80.1339°W,26.241666,-80.133888,62.6,28.9
263,264,Pueblo,Colorado,CO,"https://en.wikipedia.org/wiki/Pueblo,_Colorado",111750,106595,4.84,53.6,2058.0,38°16′12″N 104°36′44″W﻿ / ﻿38.2699°N 104.6123°W,38.269999,-104.61222,75.2,2.5
264,265,Elgin,Illinois,IL,"https://en.wikipedia.org/wiki/Elgin,_Illinois",111683,108188,3.23,37.4,2998.0,42°02′23″N 88°19′18″W﻿ / ﻿42.0396°N 88.3217°W,42.039722,-88.321666,65.9,7.4
265,266,Lowell,Massachusetts,MA,"https://en.wikipedia.org/wiki/Lowell,_Massachusetts",111670,106519,4.84,13.6,8129.0,42°38′20″N 71°19′16″W﻿ / ﻿42.6390°N 71.3211°W,42.638888,-71.321111,60.3,6.8
266,267,Antioch,California,CA,"https://en.wikipedia.org/wiki/Antioch,_California",111535,102372,8.95,29.4,3772.0,37°58′45″N 121°47′46″W﻿ / ﻿37.9791°N 121.7962°W,37.979166,-121.79611,35.6,16.7
267,268,West Palm Beach,Florida,FL,"https://en.wikipedia.org/wiki/West_Palm_Beach,_Florida",111398,99919,11.49,55.1,1963.0,26°44′47″N 80°07′30″W﻿ / ﻿26.7464°N 80.1251°W,26.746388,-80.125,56.7,32.5
268,269,Peoria,Illinois,IL,"https://en.wikipedia.org/wiki/Peoria,_Illinois",111388,115007,-3.15,48.2,2371.0,40°45′05″N 89°37′03″W﻿ / ﻿40.7515°N 89.6174°W,40.751388,-89.617499,62.4,26.9
269,270,Everett,Washington,WA,"https://en.wikipedia.org/wiki/Everett,_Washington",111262,103019,8.0,33.3,3275.0,47°57′24″N 122°11′29″W﻿ / ﻿47.9566°N 122.1914°W,47.956666,-122.19138,74.6,4.1
270,271,Ventura,California,CA,"https://en.wikipedia.org/wiki/Ventura,_California",111128,106433,4.41,21.8,5027.0,34°16′04″N 119°15′15″W﻿ / ﻿34.2678°N 119.2542°W,34.267777,-119.25416,76.6,1.6
271,272,Centennial,Colorado,CO,"https://en.wikipedia.org/wiki/Centennial,_Colorado",110831,100377,10.41,29.5,3727.0,39°35′26″N 104°52′09″W﻿ / ﻿39.5906°N 104.8691°W,39.590555,-104.86916,87.4,2.4
272,273,Lakeland,Florida,FL,"https://en.wikipedia.org/wiki/Lakeland,_Florida",110516,97422,13.44,65.9,1615.0,28°03′20″N 81°57′18″W﻿ / ﻿28.0555°N 81.9549°W,28.055555,-81.955,70.8,20.9
273,274,Gresham,Oregon,OR,"https://en.wikipedia.org/wiki/Gresham,_Oregon",110158,105594,4.32,23.3,4786.0,45°30′08″N 122°26′30″W﻿ / ﻿45.5023°N 122.4416°W,45.502222,-122.44166,76.0,3.5
274,275,Richmond,California,CA,"https://en.wikipedia.org/wiki/Richmond,_California",110146,103701,6.21,30.1,3648.0,37°57′08″N 122°21′38″W﻿ / ﻿37.9523°N 122.3606°W,37.952222,-122.36055,17.1,25.9
275,276,Billings,Montana,MT,"https://en.wikipedia.org/wiki/Billings,_Montana",109550,104170,5.16,43.7,2525.0,45°47′19″N 108°33′00″W﻿ / ﻿45.7885°N 108.5499°W,45.788611,-108.55,89.6,0.8
276,277,Inglewood,California,CA,"https://en.wikipedia.org/wiki/Inglewood,_California",109419,109673,-0.23,9.1,12160.0,33°57′22″N 118°20′39″W﻿ / ﻿33.9561°N 118.3443°W,33.956111,-118.34416,89.6,46.0
277,278,Broken Arrow,Oklahoma,OK,"https://en.wikipedia.org/wiki/Broken_Arrow,_Oklahoma",109171,98850,10.44,61.7,1741.0,36°02′11″N 95°46′52″W﻿ / ﻿36.0365°N 95.7810°W,36.036388,-95.781111,79.3,4.3
278,279,Sandy Springs,Georgia,GA,"https://en.wikipedia.org/wiki/Sandy_Springs,_Georgia",108797,93853,15.92,37.7,2804.0,33°55′53″N 84°22′07″W﻿ / ﻿33.9315°N 84.3687°W,33.931388,-84.368611,65.0,20.0
279,280,Jurupa Valley,California,CA,"https://en.wikipedia.org/wiki/Jurupa_Valley,_California",108393,0,9.09,42.9,2414.0,34°00′09″N 117°28′03″W﻿ / ﻿34.0026°N 117.4676°W,34.0025,-117.4675,65.0,20.0
280,281,Hillsboro,Oregon,OR,"https://en.wikipedia.org/wiki/Hillsboro,_Oregon",108389,91611,18.31,25.0,4207.0,45°31′41″N 122°56′09″W﻿ / ﻿45.5280°N 122.9357°W,45.528055,-122.93583,73.0,20.0
281,282,Waterbury,Connecticut,CT,"https://en.wikipedia.org/wiki/Waterbury,_Connecticut",108093,110366,-2.06,28.5,3799.0,41°33′31″N 73°02′12″W﻿ / ﻿41.5585°N 73.0367°W,41.558611,-73.036666,58.8,20.1
282,283,Santa Maria,California,CA,"https://en.wikipedia.org/wiki/Santa_Maria,_California",107408,99553,7.89,22.8,4662.0,34°56′00″N 120°26′38″W﻿ / ﻿34.9332°N 120.4438°W,34.933333,-120.44388,56.2,1.7
283,284,Boulder,Colorado,CO,"https://en.wikipedia.org/wiki/Boulder,_Colorado",107353,97385,10.24,24.8,4358.0,40°01′37″N 105°15′07″W﻿ / ﻿40.0270°N 105.2519°W,40.026944,-105.25194,88.0,0.9
284,285,Greeley,Colorado,CO,"https://en.wikipedia.org/wiki/Greeley,_Colorado",107348,92889,15.57,47.8,2176.0,40°24′55″N 104°46′11″W﻿ / ﻿40.4153°N 104.7697°W,40.415277,-104.76972,79.1,1.7
285,286,Daly City,California,CA,"https://en.wikipedia.org/wiki/Daly_City,_California",107008,101123,5.82,7.6,14009.0,37°42′03″N 122°27′54″W﻿ / ﻿37.7009°N 122.4650°W,37.700833,-122.465,79.1,1.7
286,287,Meridian,Idaho,ID,"https://en.wikipedia.org/wiki/Meridian,_Idaho",106804,75092,42.23,29.8,3584.0,43°36′51″N 116°23′56″W﻿ / ﻿43.6142°N 116.3989°W,43.614166,-116.39888,92.0,0.8
287,288,Lewisville,Texas,TX,"https://en.wikipedia.org/wiki/Lewisville,_Texas",106586,95290,11.85,36.7,2852.0,33°02′48″N 96°58′54″W﻿ / ﻿33.0466°N 96.9818°W,33.046666,-96.981666,65.3,11.2
288,289,Davie,Florida,FL,"https://en.wikipedia.org/wiki/Davie,_Florida",106558,91992,15.83,34.9,2919.0,26°04′45″N 80°17′06″W﻿ / ﻿26.0791°N 80.2850°W,26.079166,-80.285,80.1,8.0
289,290,West Covina,California,CA,"https://en.wikipedia.org/wiki/West_Covina,_California",106311,106098,0.2,16.0,6740.0,34°03′21″N 117°54′36″W﻿ / ﻿34.0559°N 117.9099°W,34.055833,-117.91,42.8,4.5
290,291,League City,Texas,TX,"https://en.wikipedia.org/wiki/League_City,_Texas",106244,83560,27.15,51.2,1992.0,29°29′24″N 95°06′33″W﻿ / ﻿29.4901°N 95.1091°W,29.49,-95.109166,79.5,7.1
291,292,Tyler,Texas,TX,"https://en.wikipedia.org/wiki/Tyler,_Texas",105729,96900,9.11,56.6,1852.0,32°19′02″N 95°18′21″W﻿ / ﻿32.3173°N 95.3059°W,32.317222,-95.305833,60.5,24.8
292,293,Norwalk,California,CA,"https://en.wikipedia.org/wiki/Norwalk,_California",105120,105549,-0.41,9.7,10946.0,33°54′27″N 118°05′01″W﻿ / ﻿33.9076°N 118.0835°W,33.9075,-118.08361,49.4,4.4
293,294,San Mateo,California,CA,"https://en.wikipedia.org/wiki/San_Mateo,_California",105025,97207,8.04,12.1,8592.0,37°33′37″N 122°18′38″W﻿ / ﻿37.5603°N 122.3106°W,37.560277,-122.31055,46.5,2.2
294,295,Green Bay,Wisconsin,WI,"https://en.wikipedia.org/wiki/Green_Bay,_Wisconsin",104879,104057,0.79,45.4,2316.0,44°31′15″N 87°59′03″W﻿ / ﻿44.5207°N 87.9842°W,44.520833,-87.984166,77.9,3.5
295,296,Wichita Falls,Texas,TX,"https://en.wikipedia.org/wiki/Wichita_Falls,_Texas",104576,104553,0.02,72.2,1450.0,33°54′24″N 98°31′33″W﻿ / ﻿33.9067°N 98.5259°W,33.906666,-98.525833,75.1,12.4
296,297,Sparks,Nevada,NV,"https://en.wikipedia.org/wiki/Sparks,_Nevada",104246,90264,15.49,35.9,2810.0,39°33′16″N 119°44′08″W﻿ / ﻿39.5544°N 119.7356°W,39.554444,-119.73555,74.5,2.6
297,298,Lakewood,New Jersey,NJ,"https://en.wikipedia.org/wiki/Lakewood_Township,_New_Jersey",104157,92843,12.19,24.7,4079.0,40°04′38″N 74°12′01″W﻿ / ﻿40.0771°N 74.2004°W,40.077222,-74.200277,78.77,2.05
298,299,Burbank,California,CA,"https://en.wikipedia.org/wiki/Burbank,_California",103695,103340,0.34,17.4,6003.0,34°11′24″N 118°19′35″W﻿ / ﻿34.1901°N 118.3264°W,34.19,-118.32638,72.7,2.5
299,300,Rialto,California,CA,"https://en.wikipedia.org/wiki/Rialto,_California",103440,99171,4.3,22.3,4633.0,34°06′42″N 117°23′18″W﻿ / ﻿34.1118°N 117.3883°W,34.111666,-117.38833,44.0,16.4
300,301,Allen,Texas,TX,"https://en.wikipedia.org/wiki/Allen,_Texas",103383,84246,22.72,27.1,3715.0,33°05′59″N 96°39′47″W﻿ / ﻿33.0997°N 96.6631°W,33.099722,-96.663055,64.92,8.18
301,302,El Cajon,California,CA,"https://en.wikipedia.org/wiki/El_Cajon,_California",103241,99478,3.78,14.5,7156.0,32°48′06″N 116°57′37″W﻿ / ﻿32.8017°N 116.9604°W,32.801666,-116.96027,41.6,6.3
302,303,Las Cruces,New Mexico,NM,"https://en.wikipedia.org/wiki/Las_Cruces,_New_Mexico",102926,97618,5.44,76.9,1323.0,32°19′35″N 106°47′23″W﻿ / ﻿32.3264°N 106.7897°W,32.326388,-106.78972,34.9,2.6
303,304,Renton,Washington,WA,"https://en.wikipedia.org/wiki/Renton,_Washington",102153,90927,12.35,23.4,4314.0,47°28′34″N 122°11′31″W﻿ / ﻿47.4761°N 122.1920°W,47.476111,-122.19194,54.6,10.6
304,305,Davenport,Iowa,IA,"https://en.wikipedia.org/wiki/Davenport,_Iowa",102085,99685,2.41,62.9,1631.0,41°33′15″N 90°36′14″W﻿ / ﻿41.5541°N 90.6040°W,41.554166,-90.603888,60.3,24.7
305,306,South Bend,Indiana,IN,"https://en.wikipedia.org/wiki/South_Bend,_Indiana",101860,101168,0.68,41.4,2457.0,41°40′37″N 86°16′08″W﻿ / ﻿41.6769°N 86.2690°W,41.676944,-86.268888,60.5,26.6
306,307,Vista,California,CA,"https://en.wikipedia.org/wiki/Vista,_California",101224,93834,7.88,18.7,5436.0,33°11′22″N 117°14′19″W﻿ / ﻿33.1895°N 117.2386°W,33.189444,-117.23861,63.5,4.2
307,308,Tuscaloosa,Alabama,AL,"https://en.wikipedia.org/wiki/Tuscaloosa,_Alabama",101113,90468,11.77,71.7,1399.0,33°12′23″N 87°32′05″W﻿ / ﻿33.2065°N 87.5346°W,33.206388,-87.534722,53.8,41.5
308,309,Clinton,Michigan,MI,"https://en.wikipedia.org/wiki/Clinton_Township,_Macomb_County,_Michigan",100800,96796,4.14,28.1,3573.0,42°35′25″N 82°55′01″W﻿ / ﻿42.5903°N 82.9170°W,42.590277,-82.916944,82.08,3.04
309,310,Edison,New Jersey,NJ,"https://en.wikipedia.org/wiki/Edison,_New_Jersey",100693,99967,0.73,30.1,3389.0,40°30′14″N 74°20′58″W﻿ / ﻿40.5040°N 74.3494°W,40.503888,-74.349444,59.49,6.89
310,311,Woodbridge,New Jersey,NJ,"https://en.wikipedia.org/wiki/Woodbridge_Township,_New_Jersey",100450,99585,0.87,23.3,4351.0,40°33′39″N 74°17′34″W﻿ / ﻿40.5607°N 74.2927°W,40.560833,-74.292777,70.83,8.75
311,312,San Angelo,Texas,TX,"https://en.wikipedia.org/wiki/San_Angelo,_Texas",100215,93200,7.53,59.9,1681.0,31°26′28″N 100°27′02″W﻿ / ﻿31.4411°N 100.4505°W,31.441111,-100.45055,83.0,5.4
312,313,Kenosha,Wisconsin,WI,"https://en.wikipedia.org/wiki/Kenosha,_Wisconsin",100164,99218,0.95,28.0,3577.0,42°34′56″N 87°50′44″W﻿ / ﻿42.5822°N 87.8456°W,42.582222,-87.845555,77.1,10.0
313,314,Vacaville,California,CA,"https://en.wikipedia.org/wiki/Vacaville,_California",100154,92428,8.36,29.0,3449.0,38°21′14″N 121°58′22″W﻿ / ﻿38.3539°N 121.9728°W,38.353888,-121.97277,66.3,10.3
